{"cameraMode":{"drawMode":0,"name":"Shaded","section":"Shading Mode"},"sceneLighting":true,"audioPlay":false,"sceneViewState":{"showFog":true,"showMaterialUpdate":true,"showSkybox":true,"showFlares":true,"showImageEffects":true,"showParticleSystems":true},"in2DMode":false,"pivot":{"x":885.5079345703125,"y":340.9172058105469,"z":332.2838439941406},"rotation":{"x":-0.04318249598145485,"y":-0.02547673135995865,"z":0.001101411529816687,"w":-0.9987483024597168},"size":2012.675048828125,"orthographic":false}